componente_id,nodo_id,num_puntos,prefijo_mayoritario,porcentaje
0,cube0_cluster0,60,WSUT,100.0
1,cube1_cluster0,60,WSUT,100.0
2,cube7_cluster0,60,WSUT,100.0
2,cube2_cluster0,60,WSUT,100.0
3,cube11_cluster0,59,WLEC,100.0
3,cube4_cluster0,62,WLEC,100.0
3,cube10_cluster0,58,WLEC,100.0
4,cube21_cluster0,58,WSUT,100.0
4,cube22_cluster0,168,WSUT,100.0
4,cube18_cluster0,59,WSUT,100.0
4,cube20_cluster0,234,WSUT,54.7
4,cube23_cluster0,57,WSUT,100.0
4,cube14_cluster0,177,WLEC,65.54
4,cube19_cluster0,53,WLEC,92.45
4,cube13_cluster0,182,WLEC,98.9
5,cube24_cluster0,60,MRS,100.0
5,cube25_cluster0,52,MRS,100.0
6,cube28_cluster0,60,WVAE,100.0
6,cube35_cluster0,125,WVAE,100.0
6,cube29_cluster0,57,WVAE,100.0
6,cube36_cluster0,222,WVAE,100.0
7,cube44_cluster0,20,MRS,100.0
7,cube40_cluster0,58,MRS,100.0
8,cube45_cluster0,56,MRS,100.0
8,cube41_cluster0,120,MRS,100.0
9,cube43_cluster0,61,MRS,100.0
10,cube49_cluster0,62,MRS,100.0
11,cube51_cluster0,57,WVAE,100.0
11,cube60_cluster0,65,WVAE,100.0
11,cube58_cluster0,57,WVAE,100.0
11,cube52_cluster0,115,WVAE,100.0
12,cube55_cluster0,57,MRS,100.0
12,cube62_cluster0,121,MRS,100.0
12,cube56_cluster0,58,MRS,100.0
13,cube69_cluster0,59,WVAE,100.0
13,cube116_cluster0,113,WVAE,100.0
13,cube70_cluster0,55,WVAE,100.0
13,cube97_cluster0,67,WVAE,100.0
13,cube88_cluster0,125,WVAE,100.0
13,cube98_cluster0,60,WVAE,100.0
13,cube99_cluster0,53,WVAE,100.0
13,cube89_cluster0,125,WVAE,100.0
13,cube80_cluster0,68,WVAE,100.0
13,cube112_cluster0,167,WVAE,100.0
13,cube76_cluster0,123,WVAE,100.0
13,cube95_cluster0,53,WVAE,100.0
13,cube111_cluster0,63,WVAE,100.0
13,cube115_cluster0,109,WVAE,100.0
14,cube73_cluster0,118,MRS,100.0
15,cube82_cluster0,119,MRS,100.0
15,cube125_cluster0,174,MRS,100.0
15,cube138_cluster0,113,MRS,100.0
15,cube86_cluster0,57,MRS,100.0
15,cube110_cluster0,118,MRS,100.0
15,cube92_cluster0,115,MRS,100.0
15,cube93_cluster0,166,MRS,100.0
15,cube126_cluster0,61,MRS,100.0
15,cube139_cluster0,55,MRS,100.0
15,cube109_cluster0,125,MRS,100.0
15,cube137_cluster0,115,MRS,100.0
15,cube83_cluster0,58,MRS,100.0
15,cube107_cluster0,60,MRS,100.0
15,cube129_cluster0,61,MRS,100.0
16,cube119_cluster0,58,MIA,100.0
16,cube135_cluster0,54,MIA,100.0
16,cube102_cluster0,38,MIA,100.0
16,cube134_cluster0,54,MIA,100.0
16,cube117_cluster0,120,MIA,100.0
16,cube101_cluster0,17,MIA,100.0
16,cube118_cluster0,76,MIA,100.0
16,cube121_cluster0,57,MIA,100.0
17,cube103_cluster0,60,MIA,100.0
18,cube127_cluster0,64,MRS,100.0
19,cube132_cluster0,171,WVAE,100.0
19,cube143_cluster0,148,WVAE,100.0
20,cube133_cluster0,58,MIA,100.0
21,cube141_cluster0,50,WVAE,100.0
21,cube151_cluster0,124,WVAE,100.0
21,cube164_cluster0,60,WVAE,100.0
21,cube152_cluster0,124,WVAE,100.0
22,cube148_cluster0,55,MRS,100.0
23,cube149_cluster0,54,MRS,100.0
24,cube162_cluster0,59,WVAE,100.0
24,cube165_cluster0,59,WVAE,100.0
25,cube189_cluster0,59,MRS,100.0
25,cube175_cluster0,59,MRS,100.0
25,cube171_cluster0,59,MRS,100.0
25,cube193_cluster0,59,MRS,100.0
26,cube191_cluster0,61,MRS,100.0
26,cube173_cluster0,62,MRS,100.0
26,cube174_cluster0,81,MRS,100.0
26,cube190_cluster0,119,MRS,100.0
26,cube192_cluster0,117,MRS,100.0
27,cube183_cluster0,51,MVIV,100.0
27,cube188_cluster0,54,MVIV,100.0
28,cube185_cluster0,43,MVIV,100.0
28,cube186_cluster0,58,MVIV,100.0
29,cube198_cluster0,57,WVAL,100.0
29,cube195_cluster0,123,WVAL,100.0
30,cube256_cluster0,230,WVAL,100.0
30,cube239_cluster0,61,WVAL,100.0
30,cube240_cluster0,68,WVAL,100.0
30,cube238_cluster0,70,WVAL,100.0
30,cube257_cluster0,56,WVAL,100.0
30,cube216_cluster0,238,WVAL,100.0
30,cube217_cluster0,112,WVAL,100.0
30,cube241_cluster0,120,WVAL,100.0
30,cube196_cluster0,48,WVAL,100.0
31,cube204_cluster0,58,MVIV,100.0
31,cube208_cluster0,57,MVIV,100.0
31,cube226_cluster0,64,MVIV,100.0
31,cube222_cluster0,118,MVIV,100.0
31,cube221_cluster0,56,MVIV,100.0
32,cube254_cluster0,61,MRS,100.0
32,cube299_cluster0,180,MRS,100.0
32,cube400_cluster0,56,MRS,100.0
32,cube211_cluster0,62,MRS,100.0
32,cube332_cluster0,55,MRS,100.0
32,cube285_cluster0,151,MRS,100.0
32,cube330_cluster0,181,MRS,100.0
32,cube271_cluster0,118,MRS,100.0
32,cube300_cluster0,119,MRS,100.0
32,cube234_cluster0,122,MRS,100.0
32,cube362_cluster0,75,MRS,100.0
32,cube382_cluster0,179,MRS,100.0
32,cube269_cluster0,126,MRS,100.0
32,cube317_cluster0,56,MRS,100.0
32,cube318_cluster0,117,MRS,100.0
32,cube286_cluster0,226,MRS,100.0
32,cube365_cluster0,139,MRS,100.0
32,cube402_cluster0,55,MRS,100.0
32,cube329_cluster0,73,MRS,100.0
32,cube383_cluster0,118,MRS,100.0
32,cube253_cluster0,65,MRS,100.0
32,cube314_cluster0,120,MRS,100.0
32,cube270_cluster0,167,MRS,100.0
32,cube349_cluster0,167,MRS,100.0
32,cube386_cluster0,60,MRS,100.0
32,cube252_cluster0,60,MRS,100.0
32,cube272_cluster0,47,MRS,100.0
32,cube233_cluster0,62,MRS,100.0
32,cube363_cluster0,169,MRS,100.0
32,cube297_cluster0,60,MRS,100.0
32,cube401_cluster0,177,MRS,100.0
32,cube315_cluster0,22,MRS,100.0
32,cube366_cluster0,171,MRS,100.0
32,cube348_cluster0,66,MRS,100.0
33,cube224_cluster0,47,MVIV,100.0
33,cube244_cluster0,59,MVIV,100.0
33,cube245_cluster0,64,MVIV,100.0
34,cube266_cluster0,57,MVIV,100.0
34,cube249_cluster0,50,MVIV,100.0
35,cube258_cluster0,58,MVIV,100.0
36,cube280_cluster0,59,MVIV,100.0
36,cube277_cluster0,59,MVIV,100.0
36,cube263_cluster0,55,MVIV,100.0
37,cube273_cluster0,116,WVAL,100.0
38,cube282_cluster0,58,MVIV,100.0
39,cube283_cluster0,60,MVIV,100.0
40,cube288_cluster0,59,MVIV,100.0
41,cube290_cluster0,20,MVIV,100.0
41,cube289_cluster0,118,MVIV,100.0
42,cube307_cluster0,34,MVIV,100.0
42,cube308_cluster0,54,MVIV,100.0
42,cube292_cluster0,35,MVIV,100.0
42,cube309_cluster0,54,MVIV,100.0
42,cube306_cluster0,34,MVIV,100.0
42,cube291_cluster0,35,MVIV,100.0
42,cube294_cluster0,55,MVIV,100.0
42,cube293_cluster0,56,MVIV,100.0
43,cube302_cluster0,58,MVIV,100.0
44,cube321_cluster0,102,MVIV,100.0
44,cube305_cluster0,60,MVIV,100.0
44,cube319_cluster0,58,MVIV,100.0
45,cube343_cluster0,58,WIDS,100.0
45,cube361_cluster0,40,WIDS,100.0
45,cube342_cluster0,39,WIDS,100.0
45,cube345_cluster0,60,WIDS,100.0
45,cube344_cluster0,40,WIDS,100.0
45,cube325_cluster0,54,WIDS,100.0
45,cube327_cluster0,55,WIDS,100.0
45,cube346_cluster0,57,WIDS,100.0
46,cube374_cluster0,56,WIDS,100.0
46,cube360_cluster0,44,WIDS,100.0
46,cube378_cluster0,171,WIDS,100.0
46,cube357_cluster0,105,WIDS,100.0
46,cube338_cluster0,60,WIDS,100.0
46,cube358_cluster0,103,WIDS,100.0
46,cube341_cluster0,59,WIDS,100.0
46,cube375_cluster0,33,WIDS,100.0
47,cube354_cluster0,59,WIDS,100.0
48,cube379_cluster0,58,WIDS,100.0
48,cube380_cluster0,58,WIDS,100.0
49,cube387_cluster0,13,MSFC,100.0
50,cube406_cluster0,57,MVIV,100.0
50,cube391_cluster0,38,MVIV,100.0
51,cube399_cluster0,56,WIDS,100.0
52,cube407_cluster0,57,MVIV,100.0
53,cube411_cluster0,53,WIDS,100.0
53,cube414_cluster0,53,WIDS,100.0
53,cube410_cluster0,45,WIDS,100.0
53,cube413_cluster0,45,WIDS,100.0
54,cube437_cluster0,56,WIDS,100.0
54,cube415_cluster0,24,WIDS,100.0
55,cube440_cluster0,56,WIDS,100.0
55,cube438_cluster0,111,WIDS,100.0
55,cube470_cluster0,113,WIDS,100.0
56,cube442_cluster0,56,MRS,100.0
57,cube452_cluster0,13,MSFC,100.0
57,cube542_cluster0,65,MSFC,100.0
57,cube540_cluster0,49,MSFC,100.0
57,cube541_cluster0,15,MSFC,100.0
57,cube494_cluster0,46,MSFC,100.0
57,cube493_cluster0,131,MSFC,100.0
58,cube922_cluster0,275,WLEC,100.0
58,cube763_cluster0,88,MSFC,67.05
58,cube760_cluster0,123,WLEC,100.0
58,cube701_cluster0,178,WLEC,100.0
58,cube857_cluster0,53,WLEC,100.0
58,cube932_cluster0,60,MSFC,100.0
58,cube757_cluster0,141,MSFC,100.0
58,cube925_cluster0,112,WLEC,98.21
58,cube547_cluster0,63,WLEC,100.0
58,cube787_cluster0,279,WLEC,100.0
58,cube975_cluster0,92,WLEC,100.0
58,cube690_cluster0,19,WLEC,52.63
58,cube847_cluster0,63,WLEC,100.0
58,cube845_cluster0,125,WLEC,100.0
58,cube851_cluster0,112,MSFC,100.0
58,cube786_cluster0,172,WLEC,100.0
58,cube918_cluster0,57,WLEC,100.0
58,cube709_cluster0,74,WLEC,100.0
58,cube794_cluster0,109,WLEC,100.0
58,cube863_cluster0,55,WLEC,100.0
58,cube848_cluster0,173,WLEC,100.0
58,cube693_cluster0,60,MSFC,91.67
58,cube678_cluster0,172,MSFC,100.0
58,cube610_cluster0,124,MSFC,100.0
58,cube548_cluster0,115,WLEC,100.0
58,cube500_cluster0,92,WLEC,100.0
58,cube630_cluster0,275,WLEC,100.0
58,cube972_cluster0,60,WLEC,93.33
58,cube559_cluster0,119,WLEC,100.0
58,cube971_cluster0,112,WLEC,100.0
58,cube642_cluster0,31,WLEC,100.0
58,cube458_cluster0,13,WLEC,100.0
58,cube772_cluster0,123,WLEC,100.0
58,cube761_cluster0,68,WLEC,100.0
58,cube560_cluster0,48,WLEC,100.0
58,cube698_cluster0,21,MSFC,100.0
58,cube924_cluster0,362,WLEC,100.0
58,cube860_cluster0,172,MSFC,100.0
58,cube783_cluster0,58,MSFC,100.0
58,cube552_cluster0,18,WLEC,100.0
58,cube968_cluster0,59,MSFC,100.0
58,cube712_cluster0,137,WLEC,100.0
58,cube769_cluster0,13,WLEC,100.0
58,cube703_cluster0,114,WLEC,100.0
58,cube914_cluster0,169,WLEC,100.0
58,cube639_cluster0,119,WLEC,100.0
58,cube906_cluster0,24,WLEC,100.0
58,cube708_cluster0,55,MSFC,98.18
58,cube852_cluster0,105,WLEC,100.0
58,cube627_cluster0,121,WLEC,100.0
58,cube784_cluster0,58,MSFC,100.0
58,cube702_cluster0,358,WLEC,100.0
58,cube692_cluster0,15,WLEC,100.0
58,cube775_cluster0,304,WLEC,62.5
58,cube638_cluster0,106,WLEC,100.0
58,cube844_cluster0,136,WLEC,100.0
58,cube923_cluster0,258,WLEC,100.0
58,cube550_cluster0,67,MSFC,95.52
58,cube556_cluster0,115,WLEC,100.0
58,cube917_cluster0,114,WLEC,100.0
58,cube636_cluster0,188,WLEC,100.0
58,cube713_cluster0,70,WLEC,100.0
58,cube499_cluster0,184,WLEC,100.0
58,cube930_cluster0,109,WLEC,100.0
58,cube915_cluster0,157,WLEC,100.0
58,cube776_cluster0,291,WLEC,100.0
58,cube773_cluster0,60,WLEC,96.67
58,cube838_cluster0,269,WLEC,100.0
58,cube691_cluster0,192,MSFC,60.42
58,cube913_cluster0,111,WLEC,100.0
58,cube633_cluster0,59,MSFC,100.0
58,cube643_cluster0,86,WLEC,100.0
58,cube778_cluster0,110,WLEC,100.0
58,cube762_cluster0,225,WLEC,100.0
58,cube637_cluster0,41,WLEC,100.0
58,cube849_cluster0,122,WLEC,100.0
58,cube554_cluster0,76,WLEC,100.0
58,cube459_cluster0,42,WLEC,100.0
58,cube854_cluster0,179,WLEC,100.0
58,cube677_cluster0,123,MSFC,100.0
58,cube619_cluster0,117,MSFC,100.0
58,cube977_cluster0,54,WLEC,100.0
58,cube705_cluster0,226,WLEC,100.0
58,cube840_cluster0,55,WLEC,100.0
58,cube777_cluster0,111,WLEC,100.0
58,cube789_cluster0,59,WLEC,100.0
58,cube704_cluster0,106,WLEC,100.0
58,cube684_cluster0,172,MSFC,100.0
58,cube683_cluster0,59,MSFC,100.0
58,cube774_cluster0,358,MSFC,51.68
58,cube700_cluster0,142,MSFC,57.04
58,cube711_cluster0,114,WLEC,100.0
58,cube706_cluster0,58,WLEC,100.0
58,cube793_cluster0,175,WLEC,100.0
58,cube631_cluster0,111,WLEC,100.0
58,cube710_cluster0,114,WLEC,100.0
58,cube1021_cluster0,56,WLEC,100.0
58,cube835_cluster0,67,WLEC,100.0
58,cube976_cluster0,262,WLEC,100.0
58,cube912_cluster0,275,WLEC,100.0
58,cube853_cluster0,132,WLEC,100.0
58,cube770_cluster0,25,WLEC,100.0
58,cube970_cluster0,153,WLEC,100.0
58,cube551_cluster0,63,MSFC,79.37
58,cube758_cluster0,115,MSFC,100.0
58,cube929_cluster0,99,WLEC,100.0
58,cube635_cluster0,125,WLEC,100.0
58,cube756_cluster0,24,MSFC,100.0
58,cube839_cluster0,30,WLEC,100.0
58,cube634_cluster0,59,MSFC,86.44
58,cube850_cluster0,52,MSFC,100.0
58,cube905_cluster0,87,MSFC,67.82
58,cube856_cluster0,55,WLEC,100.0
58,cube697_cluster0,14,MSFC,100.0
58,cube974_cluster0,54,WLEC,100.0
58,cube790_cluster0,58,WLEC,100.0
58,cube788_cluster0,107,WLEC,100.0
58,cube921_cluster0,119,WLEC,100.0
58,cube1020_cluster0,56,WLEC,100.0
58,cube555_cluster0,176,WLEC,100.0
59,cube468_cluster0,165,WLEC,100.0
59,cube509_cluster0,62,WLEC,100.0
59,cube515_cluster0,66,WLEC,100.0
59,cube510_cluster0,69,WLEC,100.0
59,cube514_cluster0,120,WLEC,100.0
59,cube467_cluster0,64,WLEC,100.0
59,cube464_cluster0,62,WLEC,100.0
60,cube474_cluster0,59,MRS,100.0
61,cube484_cluster0,58,MRS,100.0
61,cube478_cluster0,59,MRS,100.0
62,cube480_cluster0,113,MRS,100.0
63,cube531_cluster0,62,MRS,100.0
63,cube486_cluster0,70,MRS,100.0
63,cube664_cluster0,57,MRS,100.0
63,cube593_cluster0,120,MRS,100.0
63,cube587_cluster0,283,MRS,100.0
63,cube487_cluster0,60,MRS,100.0
63,cube586_cluster0,117,MRS,100.0
63,cube594_cluster0,226,MRS,100.0
63,cube530_cluster0,78,MRS,100.0
64,cube651_cluster0,162,WLEC,100.0
64,cube565_cluster0,62,WLEC,100.0
64,cube567_cluster0,16,WLEC,100.0
64,cube646_cluster0,240,WLEC,100.0
64,cube647_cluster0,54,WLEC,100.0
64,cube568_cluster0,68,WLEC,100.0
64,cube650_cluster0,46,WLEC,100.0
64,cube505_cluster0,13,WLEC,100.0
64,cube645_cluster0,57,WLEC,100.0
65,cube508_cluster0,56,MVIV,100.0
66,cube582_cluster0,56,MRS,100.0
66,cube517_cluster0,115,MRS,100.0
67,cube585_cluster0,113,MRS,100.0
67,cube522_cluster0,117,MRS,100.0
67,cube524_cluster0,113,MRS,100.0
67,cube520_cluster0,40,MRS,100.0
67,cube523_cluster0,58,MRS,100.0
67,cube584_cluster0,56,MRS,100.0
68,cube527_cluster0,144,MRS,100.0
68,cube526_cluster0,61,MRS,100.0
68,cube588_cluster0,56,MRS,100.0
69,cube739_cluster0,117,MRS,100.0
69,cube665_cluster0,147,MRS,100.0
69,cube736_cluster0,83,MRS,100.0
69,cube590_cluster0,57,MRS,100.0
69,cube529_cluster0,57,MRS,100.0
69,cube591_cluster0,242,MRS,100.0
69,cube597_cluster0,57,MRS,100.0
69,cube735_cluster0,24,MRS,100.0
69,cube534_cluster0,57,MRS,100.0
69,cube738_cluster0,120,MRS,100.0
69,cube592_cluster0,173,MRS,100.0
69,cube533_cluster0,61,MRS,100.0
69,cube598_cluster0,114,MRS,100.0
69,cube528_cluster0,59,MRS,100.0
69,cube666_cluster0,124,MRS,100.0
70,cube538_cluster0,62,MSFC,100.0
70,cube608_cluster0,190,MSFC,100.0
70,cube607_cluster0,182,MSFC,100.0
70,cube679_cluster0,115,MSFC,100.0
71,cube576_cluster0,111,WLEC,100.0
71,cube579_cluster0,114,WLEC,100.0
71,cube575_cluster0,58,WLEC,100.0
71,cube580_cluster0,229,WLEC,100.0
71,cube663_cluster0,111,WLEC,100.0
71,cube659_cluster0,54,WLEC,100.0
71,cube581_cluster0,168,WLEC,100.0
72,cube583_cluster0,57,MRS,100.0
73,cube589_cluster0,60,MRS,100.0
74,cube668_cluster0,74,MRS,100.0
74,cube743_cluster0,174,MRS,100.0
74,cube745_cluster0,89,MRS,100.0
74,cube744_cluster0,14,MRS,100.0
74,cube820_cluster0,111,MRS,100.0
74,cube742_cluster0,169,MRS,100.0
74,cube601_cluster0,70,MRS,100.0
74,cube602_cluster0,52,MRS,100.0
74,cube672_cluster0,84,MRS,100.0
74,cube821_cluster0,56,MRS,100.0
74,cube669_cluster0,179,MRS,100.0
75,cube641_cluster0,82,WLEC,100.0
75,cube714_cluster0,116,WLEC,100.0
75,cube640_cluster0,15,WLEC,100.0
76,cube800_cluster0,21,WLEC,100.0
76,cube937_cluster0,170,WLEC,100.0
76,cube873_cluster0,106,WLEC,100.0
76,cube868_cluster0,21,WLEC,100.0
76,cube869_cluster0,220,WLEC,100.0
76,cube798_cluster0,191,WLEC,100.0
76,cube726_cluster0,58,WLEC,100.0
76,cube801_cluster0,239,WLEC,100.0
76,cube722_cluster0,136,WLEC,100.0
76,cube940_cluster0,108,WLEC,100.0
76,cube871_cluster0,45,WLEC,100.0
76,cube797_cluster0,72,WLEC,100.0
76,cube718_cluster0,241,WLEC,100.0
76,cube805_cluster0,67,WLEC,100.0
76,cube804_cluster0,372,WLEC,100.0
76,cube983_cluster0,112,WLEC,100.0
76,cube803_cluster0,253,WLEC,100.0
76,cube721_cluster0,20,WLEC,100.0
76,cube719_cluster0,71,WLEC,100.0
76,cube654_cluster0,15,WLEC,100.0
76,cube866_cluster0,321,WLEC,100.0
76,cube807_cluster0,53,WLEC,100.0
76,cube938_cluster0,337,WLEC,100.0
76,cube865_cluster0,226,WLEC,100.0
76,cube653_cluster0,83,WLEC,100.0
76,cube725_cluster0,15,WLEC,100.0
76,cube802_cluster0,189,WLEC,100.0
76,cube872_cluster0,248,WLEC,100.0
76,cube934_cluster0,130,WLEC,100.0
76,cube870_cluster0,106,WLEC,100.0
77,cube883_cluster0,57,WLEC,100.0
77,cube816_cluster0,151,WLEC,100.0
77,cube881_cluster0,170,WLEC,100.0
77,cube815_cluster0,105,WLEC,100.0
77,cube731_cluster0,231,WLEC,100.0
77,cube732_cluster0,408,WLEC,100.0
77,cube662_cluster0,46,WLEC,100.0
77,cube734_cluster0,58,WLEC,100.0
77,cube812_cluster0,61,WLEC,100.0
77,cube733_cluster0,169,WLEC,100.0
77,cube813_cluster0,230,WLEC,100.0
77,cube814_cluster0,61,WLEC,100.0
77,cube817_cluster0,111,WLEC,100.0
77,cube884_cluster0,57,WLEC,100.0
77,cube658_cluster0,59,WLEC,100.0
77,cube730_cluster0,60,WLEC,100.0
77,cube882_cluster0,170,WLEC,100.0
78,cube715_cluster0,112,WLEC,100.0
79,cube747_cluster0,57,WVIV,100.0
79,cube753_cluster0,41,WVIV,100.0
79,cube748_cluster0,41,WVIV,100.0
79,cube752_cluster0,110,WVIV,100.0
80,cube795_cluster0,110,WLEC,100.0
80,cube791_cluster0,102,WLEC,100.0
81,cube809_cluster0,111,WLEC,100.0
81,cube806_cluster0,111,WLEC,100.0
82,cube819_cluster0,116,MRS,100.0
83,cube825_cluster0,61,WVIV,100.0
83,cube826_cluster0,68,WVIV,100.0
83,cube898_cluster0,79,WVIV,100.0
83,cube964_cluster0,122,WVIV,100.0
83,cube958_cluster0,75,WVIV,100.0
83,cube963_cluster0,117,WVIV,100.0
83,cube960_cluster0,222,WVIV,100.0
83,cube1013_cluster0,105,WVIV,100.0
83,cube899_cluster0,299,WVIV,100.0
83,cube959_cluster0,187,WVIV,100.0
83,cube893_cluster0,76,WVIV,100.0
84,cube862_cluster0,55,WLEC,100.0
85,cube875_cluster0,15,MVIE,100.0
86,cube896_cluster0,64,WVIV,100.0
86,cube895_cluster0,115,WVIV,100.0
87,cube901_cluster0,62,WVIV,100.0
87,cube967_cluster0,94,WVIV,100.0
87,cube961_cluster0,60,WVIV,100.0
87,cube966_cluster0,116,WVIV,100.0
87,cube1015_cluster0,107,WVIV,100.0
87,cube902_cluster0,186,WVIV,100.0
87,cube903_cluster0,57,WVIV,100.0
87,cube965_cluster0,58,WVIV,100.0
87,cube962_cluster0,169,WVIV,100.0
87,cube1016_cluster0,33,WVIV,100.0
88,cube979_cluster0,58,MSFC,100.0
88,cube927_cluster0,61,MSFC,100.0
88,cube933_cluster0,57,MSFC,100.0
88,cube978_cluster0,60,MSFC,100.0
89,cube935_cluster0,56,WLEC,100.0
90,cube990_cluster0,96,MVIE,100.0
90,cube989_cluster0,115,MVIE,100.0
90,cube998_cluster0,172,MVIE,100.0
90,cube943_cluster0,17,MVIE,100.0
90,cube1044_cluster0,173,MVIE,100.0
90,cube1087_cluster0,111,MVIE,100.0
90,cube1052_cluster0,95,MVIE,100.0
90,cube944_cluster0,63,MVIE,100.0
90,cube1051_cluster0,54,MVIE,100.0
90,cube1043_cluster0,299,MVIE,100.0
90,cube999_cluster0,41,MVIE,100.0
90,cube1042_cluster0,111,MVIE,100.0
90,cube1086_cluster0,30,MVIE,100.0
90,cube997_cluster0,173,MVIE,100.0
91,cube1007_cluster0,111,WVIV,100.0
91,cube1012_cluster0,46,WVIV,100.0
91,cube951_cluster0,54,WVIV,100.0
91,cube1008_cluster0,58,WVIV,100.0
91,cube957_cluster0,54,WVIV,100.0
91,cube1011_cluster0,99,WVIV,100.0
91,cube956_cluster0,59,WVIV,100.0
92,cube980_cluster0,59,MSFC,100.0
93,cube982_cluster0,63,WLEC,100.0
94,cube1004_cluster0,117,MVIE,100.0
94,cube1003_cluster0,85,MVIE,100.0
94,cube1085_cluster0,117,MVIE,100.0
94,cube1092_cluster0,117,MVIE,100.0
94,cube1056_cluster0,89,MVIE,100.0
94,cube1093_cluster0,180,MVIE,100.0
94,cube1094_cluster0,115,MVIE,100.0
94,cube1120_cluster0,158,MVIE,100.0
94,cube1124_cluster0,47,MVIE,100.0
94,cube1048_cluster0,65,MVIE,100.0
94,cube1084_cluster0,64,MVIE,100.0
94,cube1049_cluster0,241,MVIE,100.0
94,cube1057_cluster0,56,MVIE,100.0
95,cube1010_cluster0,56,WVIV,100.0
96,cube1014_cluster0,54,WVIV,100.0
97,cube1059_cluster0,54,MSFC,100.0
97,cube1019_cluster0,54,MSFC,100.0
97,cube1024_cluster0,18,MSFC,100.0
97,cube1062_cluster0,18,MSFC,100.0
98,cube1026_cluster0,59,MSFC,100.0
99,cube1174_cluster0,111,WLEC,100.0
99,cube1105_cluster0,122,WLEC,100.0
99,cube1068_cluster0,138,WLEC,100.0
99,cube1103_cluster0,63,WLEC,100.0
99,cube1065_cluster0,123,WLEC,100.0
99,cube1102_cluster0,106,WLEC,100.0
99,cube1141_cluster0,241,WLEC,100.0
99,cube1175_cluster0,166,WLEC,100.0
99,cube1138_cluster0,223,WLEC,100.0
99,cube1170_cluster0,114,WLEC,100.0
99,cube1069_cluster0,34,WLEC,100.0
99,cube1030_cluster0,33,WLEC,100.0
99,cube1137_cluster0,286,WLEC,100.0
99,cube1070_cluster0,60,WLEC,100.0
99,cube1142_cluster0,56,WLEC,100.0
99,cube1106_cluster0,186,WLEC,100.0
99,cube1067_cluster0,68,WLEC,100.0
99,cube1029_cluster0,60,WLEC,100.0
99,cube1139_cluster0,114,WLEC,100.0
99,cube1072_cluster0,57,WLEC,100.0
100,cube1155_cluster0,50,MVIE,100.0
100,cube1090_cluster0,233,MVIE,100.0
100,cube1111_cluster0,58,MVIE,100.0
100,cube1075_cluster0,59,MVIE,100.0
100,cube1082_cluster0,129,MVIE,100.0
100,cube1089_cluster0,52,MVIE,100.0
100,cube1118_cluster0,347,MVIE,100.0
100,cube1151_cluster0,53,MVIE,100.0
100,cube1122_cluster0,113,MVIE,100.0
100,cube1117_cluster0,297,MVIE,100.0
100,cube1112_cluster0,59,MVIE,100.0
100,cube1036_cluster0,61,MVIE,100.0
100,cube1037_cluster0,14,MVIE,100.0
100,cube1076_cluster0,126,MVIE,100.0
100,cube1152_cluster0,51,MVIE,100.0
100,cube1081_cluster0,77,MVIE,100.0
100,cube1156_cluster0,50,MVIE,100.0
100,cube1047_cluster0,180,MVIE,100.0
100,cube1123_cluster0,112,MVIE,100.0
100,cube1116_cluster0,281,MVIE,100.0
101,cube1077_cluster0,57,MVIE,100.0
101,cube1074_cluster0,59,MVIE,100.0
101,cube1148_cluster0,176,MVIE,100.0
101,cube1108_cluster0,59,MVIE,100.0
101,cube1110_cluster0,63,MVIE,100.0
101,cube1149_cluster0,117,MVIE,100.0
101,cube1177_cluster0,113,MVIE,100.0
101,cube1181_cluster0,113,MVIE,100.0
101,cube1109_cluster0,122,MVIE,100.0
101,cube1113_cluster0,56,MVIE,100.0
101,cube1144_cluster0,117,MVIE,100.0
102,cube1096_cluster0,57,MSC,100.0
103,cube1130_cluster0,104,WLEC,100.0
103,cube1172_cluster0,111,WLEC,100.0
103,cube1184_cluster0,279,WLEC,100.0
103,cube1160_cluster0,110,WLEC,100.0
103,cube1185_cluster0,109,WLEC,100.0
103,cube1190_cluster0,53,WLEC,100.0
103,cube1166_cluster0,410,WLEC,100.0
103,cube1165_cluster0,140,WLEC,100.0
103,cube1183_cluster0,59,WLEC,100.0
103,cube1135_cluster0,73,WLEC,100.0
103,cube1188_cluster0,173,WLEC,100.0
103,cube1159_cluster0,58,WLEC,100.0
103,cube1168_cluster0,111,WLEC,100.0
103,cube1129_cluster0,15,WLEC,100.0
103,cube1134_cluster0,16,WLEC,100.0
103,cube1100_cluster0,15,WLEC,100.0
103,cube1189_cluster0,278,WLEC,100.0
103,cube1167_cluster0,340,WLEC,100.0
104,cube1154_cluster0,91,MVIE,100.0
104,cube1157_cluster0,33,MVIE,100.0
104,cube1153_cluster0,173,MVIE,100.0
104,cube1119_cluster0,111,MVIE,100.0
104,cube1114_cluster0,112,MVIE,100.0
105,cube1121_cluster0,57,MVIE,100.0
106,cube1158_cluster0,59,MSC,100.0
106,cube1164_cluster0,58,MSC,100.0
107,cube1163_cluster0,53,WLEC,100.0
107,cube1162_cluster0,41,WLEC,100.0
108,cube1173_cluster0,54,WLEC,100.0
109,cube1196_cluster0,57,MVIE,100.0
109,cube1180_cluster0,57,MVIE,100.0
109,cube1179_cluster0,60,MVIE,100.0
110,cube1192_cluster0,59,WLEC,100.0
111,cube1193_cluster0,59,WLEC,100.0
112,cube1200_cluster0,59,MVIE,100.0
112,cube1199_cluster0,37,MVIE,100.0
112,cube1198_cluster0,59,MVIE,100.0
112,cube1197_cluster0,37,MVIE,100.0
113,cube1201_cluster0,60,WLEC,100.0
113,cube1202_cluster0,59,WLEC,100.0
114,cube1212_cluster0,34,MSC,100.0
114,cube1204_cluster0,57,MSC,100.0
114,cube1211_cluster0,53,MSC,100.0
114,cube1205_cluster0,34,MSC,100.0
115,cube1214_cluster0,59,MVIE,100.0
116,cube1222_cluster0,57,MVIE,100.0
116,cube1215_cluster0,58,MVIE,100.0
117,cube1224_cluster0,57,WLEC,100.0
118,cube1229_cluster0,57,MVIE,100.0
